Task_id,Task Title,Task description
0,This is Task no. 1,This is task description
1,This is Task no. 2,This is task description
2,This is Task no. 3,This is task description
3,This is Task no. 4,This is task description
4,This is Task no. 5,This is task description
5,This is Task no. 6,This is task description
6,This is Task no. 7,This is task description
7,This is Task no. 8,This is task description
8,This is Task no. 9,This is task description
9,This is Task no. 10,This is task description
10,This is Task no. 11,This is task description
11,This is Task no. 12,This is task description
12,This is Task no. 13,This is task description
13,This is Task no. 14,This is task description
14,This is Task no. 15,This is task description
15,This is Task no. 16,This is task description
16,This is Task no. 17,This is task description
17,This is Task no. 18,This is task description
18,This is Task no. 19,This is task description
19,This is Task no. 20,This is task description
20,This is Task no. 21,This is task description
21,This is Task no. 22,This is task description
22,This is Task no. 23,This is task description
23,This is Task no. 24,This is task description
24,This is Task no. 25,This is task description
25,This is Task no. 26,This is task description
26,This is Task no. 27,This is task description
27,This is Task no. 28,This is task description
28,This is Task no. 29,This is task description
29,This is Task no. 30,This is task description
30,This is Task no. 31,This is task description
31,This is Task no. 32,This is task description
32,This is Task no. 33,This is task description
33,This is Task no. 34,This is task description
34,This is Task no. 35,This is task description
35,This is Task no. 36,This is task description
36,This is Task no. 37,This is task description
37,This is Task no. 38,This is task description
38,This is Task no. 39,This is task description
39,This is Task no. 40,This is task description
40,This is Task no. 41,This is task description
41,This is Task no. 42,This is task description
42,This is Task no. 43,This is task description
43,This is Task no. 44,This is task description
44,This is Task no. 45,This is task description
45,This is Task no. 46,This is task description
46,This is Task no. 47,This is task description
47,This is Task no. 48,This is task description
48,This is Task no. 49,This is task description
49,This is Task no. 50,This is task description
